MAC, Equipo, IPf, Comentario
#,#,#, Las lineas que comiencen por # se considerarán comentarios y deberán ser ignoradas
#,#,#, MAC:        Dirección mac de la interfaz de red principal. Si esta como DHCP se convertirá en estática manteniendo toda la configuración menos el octeto final (->IPf)
#,#,#, Equipo:     Nombre a poner en el equipo (si no coincide se cambia) Deberá usarse un prefijo - un número. (Ej: CEIABD-01) Se reservará el -00 para el equipo de profesor
#,#,#, Comentario: Explicaciones adicionales del equipo (NO SE DEBEN USAR COMAS EN EL COMENTARIO)
#,#,#, ######################################################################################
#,#,#, ######################################################################################
#,#,#, AULA CEIABD                                              #############################
00:50:56:23:D0:F7, IABD-99, 199, Equipo virtual de pruebas
d8:bb:c1:35:f1:dd, IABD-00, 120, Equipo de profesores  
d8:bb:c1:38:71:6f, IABD-01, 121, equipo alumno
d8:bb:c1:38:93:ad, IABD-02, 122, equipo alumno
d8:bb:c1:38:94:25, IABD-03, 123, equipo alumno
d8:bb:c1:38:93:a2, IABD-04, 124, equipo alumno
d8:bb:c1:38:93:b1, IABD-05, 125, equipo alumno
d8:bb:c1:38:94:69, IABD-06, 126, equipo alumno
d8:bb:c1:38:93:e8, IABD-07, 127, equipo alumno
d8:bb:c1:38:93:8a, IABD-08, 128, equipo alumno
d8:bb:c1:38:93:ae, IABD-09, 129, equipo alumno
74:56:3C:65:62:C6, IABD-10, 130, equipo alumno
74:56:3C:65:5D:51, IABD-11, 131, equipo alumno
74:56:3C:65:60:7F, IABD-12, 132, equipo alumno
74:56:3C:95:EA:3C, IABD-13, 133, equipo alumno
74:56:3C:95:ED:21, IABD-14, 134, equipo alumno
74:56:3C:95:EB:55, IABD-15, 135, equipo alumno
74:56:3C:95:EC:10, IABD-16, 136, equipo alumno
74:56:3C:95:EB:87, IABD-17, 137, equipo alumno
74:56:3C:95:EA:81, IABD-18, 138, equipo alumno
74:56:3c:95:eb:d5, IABD-19, 139, equipo alumno
74:56:3c:95:eb:57, IABD-20, 140, equipo alumno
#,#,#, ######################################################################################
#,#,#, AULA DISTANCIA                                              ##########################
bc:fc:e7:05:76:08, SMRD-00, 120, equipo alumno
08:bf:b8:40:09:82, SMRD-01, 121, equipo alumno 
bc:fc:e7:05:73:d1, SMRD-02, 122, equipo alumno
bc:fc:e7:05:72:58, SMRD-03, 123, equipo alumno
bc:fc:e7:05:70:f8, SMRD-04, 124, equipo alumno
bc:fc:e7:05:71:4a, SMRD-05, 125, equipo alumno
bc:fc:e7:04:bb:57, SMRD-06, 126, equipo alumno
bc:fc:e7:05:71:60, SMRD-07, 127, equipo alumno 
bc:fc:e7:05:72:e9, SMRD-08, 128, equipo alumno
bc:fc:e7:05:72:9a, SMRD-09, 129, equipo alumno
bc:fc:e7:04:bc:ed, SMRD-10, 130, equipo alumno
bc:fc:e7:05:73:47, SMRD-11, 131, equipo alumno
bc:fc:e7:05:73:cc, SMRD-12, 132, equipo alumno
bc:fc:e7:05:75:7e, SMRD-13, 133, equipo alumno
bc:fc:e7:05:73:63, SMRD-14, 134, equipo alumno+LUIS
bc:fc:e7:05:73:c8, SMRD-15, 135, equipo alumno+BELEN+ROBERTO
bc:fc:e7:04:30:c0, SMRD-16, 136, equipo alumno
bc:fc:e7:05:73:d0, SMRD-17, 137, equipo alumno+ANGELICA
bc:fc:e7:05:73:d5, SMRD-18, 138, equipo alumno+VICTOR
#,#,#, ######################################################################################
#,#,#, AULA IF04 (red 10.0.22.x sin proxy)                          ########################
30:9C:23:40:39:C7, IF04-00, 100, equipo profesor
7C:10:C9:84:C6:75, IF04-01, 101, equipo alumno
7C:10:C9:83:A5:A4, IF04-02, 102, equipo alumno
7C:10:C9:83:A5:A7, IF04-03, 103, equipo alumno
7C:10:C9:83:A5:8B, IF04-04, 104, equipo alumno
7C:10:C9:84:C2:0A, IF04-05, 105, equipo alumno
7C:10:C9:83:A5:D3, IF04-06, 106, equipo alumno
7C:10:C9:84:C2:16, IF04-08, 108, equipo alumno
08:BF:B8:42:3A:F6, IF04-09, 109, equipo alumno
7C:10:C9:84:C0:D9, IF04-10, 110, equipo alumno
7C:10:C9:84:C3:76, IF04-11, 111, equipo alumno
7C:10:C9:84:C0:E5, IF04-12, 112, equipo alumno
9C:6B:00:85:46:2E, IF04-13, 113, equipo alumno
7C:10:C9:83:A5:9B, IF04-14, 114, equipo alumno
7C:10:C9:84:C7:2D, IF04-15, 115, equipo alumno
7C:10:C9:83:A5:96, IF04-16, 116, equipo alumno
7C:10:C9:84:C3:75, IF04-17, 117, equipo alumno
7C:10:C9:84:C2:12, IF04-18, 118, equipo alumno
7C:10:C9:83:A5:AF, IF04-19, 119, equipo alumno
7C:10:C9:84:CC:26, IF04-20, 120, equipo alumno
#,#,#, ######################################################################################
#,#,#, AULA IF03  (red 10.0.10.x sin proxy)                          ########################
4C:CC:6A:42:F8:09, IF03-00, 100, equipo profesor
30:9C:23:47:B4:03, IF03-01, 101, equipo alumno
4C:CC:6A:42:F8:60, IF03-02, 102, equipo alumno
4C:CC:6A:42:F6:A3, IF03-03, 103, equipo alumno
E8:9C:25:38:E4:73, IF03-04, 104, equipo alumno
30:9C:23:40:3C:1F, IF03-05, 105, equipo alumno
30:9C:23:40:3C:22, IF03-06, 106, equipo alumno
4C:CC:6A:42:F6:71, IF03-07, 107, equipo alumno
E0:D5:5E:AF:FE:83, IF03-08, 108, equipo alumno
30:9C:23:40:3C:3C, IF03-09, 109, equipo alumno
E0:D5:5E:E1:86:9E, IF03-10, 110, equipo alumno
4C:CC:6A:42:F8:41, IF03-11, 111, equipo alumno
30:9C:23:40:3C:24, IF03-12, 112, equipo alumno
4C:CC:6A:42:F6:7A, IF03-13, 113, equipo alumno
4C:CC:6A:42:F8:02, IF03-14, 114, equipo alumno
30:9C:23:40:3C:17, IF03-15, 115, equipo alumno
B4:2E:99:15:B8:35, IF03-16, 116, equipo alumno
4C:CC:6A:42:F8:08, IF03-17, 117, equipo alumno
30:9C:23:40:3C:16, IF03-18, 118, equipo alumno
30:9C:23:40:3C:25, IF03-19, 119, equipo alumno
                 , IF03-20, 120, equipo alumno
30:9C:23:40:3C:05, IF03-21, 121, equipo alumno
CC:28:AA:35:0B:21, IF03-22, 122, equipo alumno
4C:CC:6A:42:F8:0F, IF03-23, 123, equipo alumno
4C:CC:6A:42:F6:92, IF03-24, 124, equipo alumno
30:9C:23:40:3C:2A, IF03-25, 125, equipo alumno
4C:CC:6A:42:F8:12, IF03-26, 126, equipo alumno
4C:CC:6A:42:F8:1A, IF03-27, 127, equipo alumno
4C:CC:6A:42:F8:0C, IF03-28, 128, equipo alumno
30:9C:23:40:3C:30, IF03-29, 129, equipo alumno
4C:CC:6A:42:F6:77, IF03-30, 130, equipo alumno
#,#,#, ######################################################################################
#,#,#, AULA IF01  (red 10.0.16.x sin proxy)                          ########################
84:16:F9:04:10:D3, IF01-00, 100, equipo profesor
00:E0:4C:68:90:C0, IF01-01, 101, equipo alumno
30:9C:23:40:39:C1, IF01-02, 102, equipo alumno
30:9C:23:40:39:E4, IF01-03, 103, equipo alumno
74:56:3C:66:B0:EE, IF01-04, 104, equipo alumno
30:9C:23:40:39:BF, IF01-05, 105, equipo alumno
30:9C:23:40:39:D1, IF01-06, 106, equipo alumno
30:9C:23:40:39:CC, IF01-07, 107, equipo alumno
30:9C:23:40:39:C6, IF01-08, 108, equipo alumno
74:56:3C:66:B5:BE, IF01-09, 109, equipo alumno
30:9C:23:40:39:C2, IF01-10, 110, equipo alumno
30:9C:23:40:39:C8, IF01-11, 111, equipo alumno
30:9C:23:40:39:CA, IF01-12, 112, equipo alumno
74:56:3C:66:B2:BC, IF01-13, 113, equipo alumno
30:9C:23:40:39:D0, IF01-14, 114, equipo alumno
30:9C:23:40:39:BE, IF01-15, 115, equipo alumno
30:9C:23:40:39:C5, IF01-16, 116, equipo alumno
74:56:3C:66:B2:BB, IF01-17, 117, equipo alumno
30:9C:23:40:39:C3, IF01-18, 118, equipo alumno
30:9C:23:40:39:E7, IF01-19, 119, equipo alumno
74:56:3C:66:B1:D3, IF01-20, 120, equipo alumno
30:9C:23:40:39:C0, IF01-21, 121, equipo alumno
30:9C:23:40:39:DC, IF01-22, 122, equipo alumno
30:9C:23:40:39:CD, IF01-23, 123, equipo alumno
30:9C:23:40:39:CB, IF01-24, 124, equipo alumno
30:9C:23:47:A1:AA, IF01-25, 125, equipo alumno
#,#,#, ######################################################################################
